<?xml version="1.0" standalone="yes"?>  <DATAPACKET Version="2.0"><METADATA><FIELDS><FIELD attrname="Codigo" fieldtype="i4"/><FIELD attrname="Nome" fieldtype="string" WIDTH="100"/><FIELD attrname="Ativo" fieldtype="string" WIDTH="20"/><FIELD attrname="Cidade" fieldtype="string" WIDTH="50"/></FIELDS><PARAMS CHANGE_LOG="1 0 4 2 0 4 3 0 4 4 0 4 5 0 4 6 0 4 7 0 4"/></METADATA><ROWDATA><ROW RowState="4" Codigo="1" Nome="Zakk Wylde" Ativo="S"/><ROW RowState="4" Codigo="2" Nome="Luke Skywalker" Ativo="N"/><ROW RowState="4" Codigo="3" Nome="Walter White" Ativo="N"/><ROW RowState="4" Codigo="4" Nome="Lorde Stark" Ativo="S"/><ROW RowState="4" Codigo="5" Nome="Nicholas Brody" Ativo="S"/><ROW RowState="4" Codigo="6" Nome="Michael Scofield" Ativo="N"/><ROW RowState="4" Codigo="7" Nome="Jack Bauer" Ativo="S"/></ROWDATA></DATAPACKET>